{"time": [0.0, 72.0, 144.0, 216.0, 288.0, 360.0, 432.0, 504.0, 576.0, 648.0, 720.0, 792.0, 864.0, 936.0, 1008.0, 1080.0, 1152.0, 1224.0, 1296.0, 1368.0, 1440.0, 1512.0, 1584.0, 1656.0, 1728.0, 1800.0, 1872.0, 1944.0, 2016.0, 2088.0, 2160.0, 2232.0, 2304.0, 2376.0, 2448.0, 2520.0, 2592.0, 2664.0, 2736.0, 2808.0, 2880.0, 2952.0, 3024.0, 3096.0, 3168.0, 3240.0, 3312.0, 3384.0, 3456.0, 3528.0, 3600.0, 3672.0, 3744.0, 3816.0, 3888.0, 3960.0, 4032.0, 4104.0, 4176.0, 4248.0, 4320.0, 4392.0, 4464.0, 4536.0, 4608.0, 4680.0, 4752.0, 4824.0, 4896.0, 4968.0, 5040.0, 5112.0, 5184.0, 5256.0, 5328.0, 5400.0, 5472.0, 5544.0, 5616.0, 5688.0, 5760.0, 5832.0, 5904.0, 5976.0, 6048.0, 6120.0, 6192.0, 6264.0, 6336.0, 6408.0, 6480.0, 6552.0, 6624.0, 6696.0, 6768.0, 6840.0, 6912.0, 6984.0, 7056.0, 7128.0, 7200.0], "available_receptor": [48.0, 46.99938533235398, 46.06700386000364, 45.19699989875557, 44.38413231489225, 43.62363192742512, 42.91148861262118, 42.24381257833022, 41.61720920211884, 41.02903477828212, 40.47590519851118, 39.95576469450217, 39.46631247002849, 39.00512095784126, 38.570568604808685, 38.16064286839699, 37.77376464458515, 37.40841660507038, 37.06286157836864, 36.73612853900768, 36.427174805443684, 36.13511929010315, 35.85826487148025, 35.595878053514134, 35.34741259984751, 35.11226822510722, 34.889609738103466, 34.67798650060182, 34.4773400048807, 34.287169283025776, 34.107049287739095, 33.935857613623924, 33.77325079941928, 33.618896483625335, 33.47240040968416, 33.333289601022805, 33.20094504342112, 33.075157687017246, 32.955598052839804, 32.84196862630063, 32.733637226166586, 32.63047943055411, 32.53229045039934, 32.43885039307779, 32.349967449490194, 32.265477894062435, 32.1852460847456, 32.10847464073456, 32.03522577855544, 31.965474108217055, 31.89909513147066, 31.835984585642255, 31.776058443632557, 31.719252913917007, 31.664833551423204, 31.61284682663134, 31.56335182557549, 31.51625677762625, 31.47148166690156, 31.428958232266737, 31.388629967334452, 31.350057980220598, 31.31320219541062, 31.278100295139488, 31.244675715560927, 31.21285840421915, 31.18258482004884, 31.153797933375152, 31.12639876484515, 31.100280375190117, 31.075371829712562, 31.051590861831045, 31.02885520496413, 31.007082592530384, 30.98619075794837, 30.966651207791667, 30.94836334460348, 30.9309611327458, 30.91438176934325, 30.89856245152044, 30.883440376401985, 30.8689527411125, 30.855036742776598, 30.84162957851889, 30.828668445463993, 30.81609054073652, 30.804149605895887, 30.793385045948938, 30.78311443635009, 30.773298685472035, 30.763898701687456, 30.754875393369048, 30.746189668889492, 30.737802436621482, 30.729674604937706, 30.721767082210846, 30.714040776813597, 30.706456597118645, 30.699322521999793, 30.69255914378105, 30.686200624492763], "labeled_ligand": [29.999999999999996, 28.999385332354, 28.06700386000365, 27.196999898755593, 26.384132314892266, 25.62363192742514, 24.911488612621195, 24.243812578330235, 23.617209202118854, 23.02903477828213, 22.475905198511192, 21.955764694502182, 21.46631247002851, 21.005120957841278, 20.5705686048087, 20.160642868397005, 19.77376464458516, 19.408416605070393, 19.06286157836866, 18.736128539007698, 18.427174805443705, 18.135119290103162, 17.858264871480273, 17.59587805351416, 17.34741259984753, 17.112268225107247, 16.889609738103495, 16.67798650060184, 16.47734000488073, 16.2871692830258, 16.10704928773912, 15.93585761362395, 15.773250799419307, 15.61889648362536, 15.472400409684182, 15.33328960102283, 15.200945043421147, 15.07515768701727, 14.955598052839825, 14.841968626300655, 14.733637226166612, 14.630479430554141, 14.532290450399367, 14.438850393077823, 14.349967449490222, 14.265477894062466, 14.18524608474563, 14.108474640734588, 14.035225778555473, 13.965474108217082, 13.899095131470688, 13.835984585642283, 13.776058443632586, 13.719252913917037, 13.66483355142323, 13.612846826631367, 13.56335182557552, 13.516256777626277, 13.471481666901589, 13.428958232266767, 13.38862996733448, 13.350057980220623, 13.313202195410648, 13.278100295139513, 13.244675715560954, 13.212858404219178, 13.18258482004887, 13.15379793337518, 13.126398764845176, 13.100280375190145, 13.07537182971259, 13.051590861831073, 13.02885520496416, 13.007082592530415, 12.986190757948401, 12.966651207791696, 12.948363344603505, 12.930961132745828, 12.91438176934328, 12.898562451520469, 12.883440376402016, 12.86895274111253, 12.855036742776626, 12.84162957851892, 12.828668445464022, 12.81609054073655, 12.804149605895915, 12.793385045948966, 12.783114436350118, 12.773298685472064, 12.763898701687486, 12.754875393369076, 12.746189668889523, 12.737802436621513, 12.729674604937735, 12.721767082210876, 12.714040776813626, 12.706456597118674, 12.699322521999822, 12.692559143781079, 12.686200624492791], "labeled_receptor_complexes": [0.0, 1.0006146676460006, 1.9329961399963487, 2.8030001012444066, 3.6158676851077303, 4.376368072574855, 5.088511387378801, 5.756187421669763, 6.3827907978811425, 6.970965221717866, 7.524094801488806, 8.044235305497814, 8.53368752997149, 8.99487904215872, 9.429431395191296, 9.839357131602991, 10.226235355414834, 10.591583394929604, 10.937138421631335, 11.263871460992299, 11.572825194556291, 11.864880709896832, 12.141735128519723, 12.404121946485837, 12.652587400152466, 12.88773177489275, 13.110390261896503, 13.322013499398155, 13.522659995119266, 13.712830716974194, 13.892950712260877, 14.064142386376046, 14.22674920058069, 14.381103516374637, 14.527599590315814, 14.666710398977166, 14.79905495657885, 14.924842312982726, 15.044401947160171, 15.158031373699341, 15.266362773833384, 15.369520569445855, 15.46770954960063, 15.561149606922173, 15.650032550509774, 15.73452210593753, 15.814753915254366, 15.891525359265408, 15.964774221444523, 16.034525891782913, 16.10090486852931, 16.164015414357713, 16.22394155636741, 16.28074708608296, 16.335166448576764, 16.387153173368628, 16.436648174424477, 16.483743222373718, 16.528518333098408, 16.57104176773323, 16.611370032665516, 16.64994201977937, 16.686797804589347, 16.72189970486048, 16.75532428443904, 16.787141595780817, 16.817415179951126, 16.846202066624816, 16.87360123515482, 16.89971962480985, 16.924628170287406, 16.948409138168923, 16.971144795035837, 16.992917407469584, 17.013809242051597, 17.0333487922083, 17.05163665539649, 17.069038867254168, 17.085618230656717, 17.101437548479527, 17.116559623597983, 17.131047258887467, 17.14496325722337, 17.158370421481077, 17.171331554535975, 17.183909459263447, 17.19585039410408, 17.20661495405103, 17.21688556364988, 17.226701314527933, 17.236101298312512, 17.24512460663092, 17.253810331110476, 17.262197563378486, 17.27032539506226, 17.278232917789122, 17.28595922318637, 17.293543402881323, 17.300677478000175, 17.307440856218918, 17.313799375507205], "label_kinetic_parameters": [1e-05, 0.00022], "initial_conditions": [800.0, 29.999999999999996, 0.0], "units": "nM", "alpha": 0.06}