{"time": [0.0, 72.72727272727273, 145.45454545454547, 218.1818181818182, 290.90909090909093, 363.6363636363637, 436.3636363636364, 509.0909090909091, 581.8181818181819, 654.5454545454546, 727.2727272727274, 800.0000000000001, 872.7272727272727, 945.4545454545455, 1018.1818181818182, 1090.909090909091, 1163.6363636363637, 1236.3636363636365, 1309.0909090909092, 1381.818181818182, 1454.5454545454547, 1527.2727272727275, 1600.0000000000002, 1672.727272727273, 1745.4545454545455, 1818.1818181818182, 1890.909090909091, 1963.6363636363637, 2036.3636363636365, 2109.0909090909095, 2181.818181818182, 2254.545454545455, 2327.2727272727275, 2400.0, 2472.727272727273, 2545.4545454545455, 2618.1818181818185, 2690.909090909091, 2763.636363636364, 2836.3636363636365, 2909.0909090909095, 2981.818181818182, 3054.545454545455, 3127.2727272727275, 3200.0000000000005, 3272.727272727273, 3345.454545454546, 3418.1818181818185, 3490.909090909091, 3563.636363636364, 3636.3636363636365, 3709.0909090909095, 3781.818181818182, 3854.545454545455, 3927.2727272727275, 4000.0000000000005, 4072.727272727273, 4145.454545454546, 4218.181818181819, 4290.909090909091, 4363.636363636364, 4436.363636363637, 4509.09090909091, 4581.818181818182, 4654.545454545455, 4727.272727272728, 4800.0, 4872.727272727273, 4945.454545454546, 5018.181818181819, 5090.909090909091, 5163.636363636364, 5236.363636363637, 5309.09090909091, 5381.818181818182, 5454.545454545455, 5527.272727272728, 5600.000000000001, 5672.727272727273, 5745.454545454546, 5818.181818181819, 5890.909090909091, 5963.636363636364, 6036.363636363637, 6109.09090909091, 6181.818181818182, 6254.545454545455, 6327.272727272728, 6400.000000000001, 6472.727272727273, 6545.454545454546, 6618.181818181819, 6690.909090909092, 6763.636363636364, 6836.363636363637, 6909.09090909091, 6981.818181818182, 7054.545454545455, 7127.272727272728, 7200.0], "available_receptor": [64.0, 57.6058071784453, 52.59599772521833, 48.591479211186346, 45.34243290760418, 42.67585992898056, 40.46546578727925, 38.615650602952044, 37.05811640026068, 35.732557366136405, 34.60033459819881, 33.63173051359099, 32.80558800475051, 32.092246224745516, 31.481029659519344, 30.95114946396283, 30.49603597606855, 30.102152437759948, 29.7640948196984, 29.474460034396937, 29.228059928273378, 29.01561450667269, 28.836791849739207, 28.685818625104563, 28.55697209247042, 28.451729014081707, 28.364312477840127, 28.292213343517325, 28.235609733664646, 28.192265987044987, 28.15981784414653, 28.136616522840285, 28.122509387214674, 28.117076548372253, 28.11852462760096, 28.12510385966913, 28.13728138700813, 28.15478237648409, 28.176543511299382, 28.201073119932563, 28.2286636469716, 28.258979600836277, 28.291503687542402, 28.325464304084385, 28.360817156231015, 28.397304079564815, 28.43465105813895, 28.472483858987122, 28.510722748577837, 28.5492347627362, 28.58779294236046, 28.62586984571517, 28.66374029377297, 28.70137639940175, 28.73878786743273, 28.776021994660468, 28.813163669842837, 28.85033537370105, 28.886398819484157, 28.921388368587113, 28.95587137656206, 28.989911306974143, 29.023593736711963, 29.057026355987595, 29.090338968336603, 29.12354576663357, 29.154960325284854, 29.18578942225493, 29.21605641342787, 29.245791717040138, 29.275032813680582, 29.30382424629045, 29.332217620163377, 29.359893423049602, 29.386645645681558, 29.412762997534966, 29.43824354770272, 29.46308631118772, 29.487291248902917, 29.51085926767126, 29.533792220225738, 29.556078532244083, 29.577728091415082, 29.598745019561512, 29.619133366174463, 29.638898011609207, 29.658044667085214, 29.676579874686134, 29.694555405168092, 29.71204646543622, 29.728997508351714, 29.745424621284663, 29.761345052164728, 29.776777209481132, 29.79174066228268, 29.806256140177734, 29.820345533334233, 29.83403189247968, 29.847339428901154, 29.860293514445296], "unlabeled_ligand": [65.0, 57.32137414323871, 51.21439503657052, 46.25819674252822, 42.17348499775987, 38.765615746638375, 35.891808294759436, 33.443408366161755, 31.34227093674064, 29.519275803275466, 27.929611846626536, 26.53863266357761, 25.321534134992316, 24.243793952187936, 23.292636686322354, 22.44370773680442, 21.68901034324767, 21.01254709990267, 20.407726833199515, 19.865695084143198, 19.380172242687358, 18.94007961500204, 18.54484085123394, 18.187491961032702, 17.861134585494938, 17.567410259034524, 17.299344237952177, 17.053841386490113, 16.8309934062955, 16.628029481615798, 16.442043779386964, 16.27097588820892, 16.114527571252317, 15.972091976092763, 15.841462094407552, 15.720488658765284, 15.609622721886542, 15.508454001433526, 15.415639692854803, 15.329331961659575, 15.249804264391235, 15.176588113826332, 15.10899082599671, 15.046006278361741, 14.98752309423872, 14.933166230871704, 14.882540540241104, 14.835126735175045, 14.79076812732236, 14.749241829640905, 14.710212522583369, 14.672983926841653, 14.637826060439545, 14.604645303077618, 14.57339397907307, 14.544070357359743, 14.516718651488103, 14.491429019625262, 14.466797288901413, 14.442811776061362, 14.420094450243793, 14.398670849508443, 14.378594093841455, 14.359944885155372, 14.342831507289144, 14.327225681894877, 14.311073502404305, 14.295770506841869, 14.281303017198653, 14.267666999134603, 14.254868061978542, 14.242921458728151, 14.23185208604999, 14.22123448709769, 14.210782317209345, 14.200812033748553, 14.191287628548585, 14.18217529740819, 14.173443440091601, 14.16506266032853, 14.157005765814171, 14.149210651872378, 14.1416703979884, 14.134362955313394, 14.127265849485545, 14.120358513017434, 14.113622285296024, 14.10704041258267, 14.100638286503374, 14.094463693113392, 14.088447067697697, 14.082584922965461, 14.076875977308793, 14.071321154802723, 14.06592358520522, 14.060688603957173, 14.05562375218241, 14.050738776687684, 14.046045629962679, 14.041558470180007], "unlabeled_receptor_complexes": [0.0, 6.394192821554706, 11.40400227478167, 15.40852078881366, 18.657567092395826, 21.324140071019443, 23.53453421272075, 25.38434939704796, 26.941883599739324, 28.2674426338636, 29.399665401801183, 30.36826948640901, 31.194411995249485, 31.907753775254484, 32.51897034048066, 33.048850536037165, 33.50396402393145, 33.89784756224005, 34.2359051803016, 34.525539965603066, 34.771940071726625, 34.98438549332731, 35.16320815026079, 35.31418137489544, 35.443027907529576, 35.54827098591829, 35.63568752215987, 35.707786656482675, 35.764390266335354, 35.80773401295501, 35.84018215585347, 35.86338347715972, 35.87749061278533, 35.88292345162775, 35.881475372399045, 35.87489614033087, 35.86271861299188, 35.845217623515914, 35.82345648870062, 35.79892688006744, 35.7713363530284, 35.74102039916373, 35.708496312457605, 35.67453569591562, 35.63918284376899, 35.602695920435195, 35.56534894186106, 35.52751614101289, 35.48927725142217, 35.45076523726381, 35.412207057639556, 35.37413015428485, 35.33625970622705, 35.29862360059826, 35.26121213256728, 35.223978005339546, 35.18683633015718, 35.149664626298964, 35.11360118051586, 35.078611631412905, 35.04412862343795, 35.01008869302587, 34.976406263288055, 34.94297364401242, 34.90966103166341, 34.876454233366445, 34.84503967471516, 34.81421057774508, 34.783943586572136, 34.75420828295987, 34.724967186319425, 34.69617575370956, 34.66778237983663, 34.6401065769504, 34.613354354318446, 34.58723700246504, 34.56175645229729, 34.536913688812284, 34.512708751097094, 34.48914073232875, 34.466207779774265, 34.44392146775592, 34.42227190858492, 34.40125498043849, 34.38086663382554, 34.36110198839079, 34.34195533291479, 34.32342012531387, 34.30544459483191, 34.28795353456378, 34.27100249164829, 34.25457537871534, 34.23865494783527, 34.22322279051887, 34.20825933771732, 34.19374385982226, 34.17965446666577, 34.16596810752032, 34.15266057109885, 34.139706485554704],